SubG,n_Name,Name,MType,RAJ2000,DEJ2000,D,u_D,HRV,f_HRV,D(MW),V(MW),D(LG),V(LG),S,Vmag,u_Vmag,R1,u_R1,muV,f_muV,PA,f_PA,Ell,f_Ell,VMag,f_VMag,Mass,Mdyn,[Fe/H],u_[Fe/H],SimbadName,(m-M),D(M31),E(B-V),E_(m-M),e_(m-M),e_[Fe/H],E_D,e_D,E_muV,e_muV,E_R1,e_R1,E_R2,e_R2,E_sigma*,e_sigma*,e_v_HI,E_Vmag,e_Vmag,E_VMag,e_VMag,e_vsini*,f_M_HI,f_sigma*,f_vsini*,l_sigma*,l_v_HI,M_HI,sigma*,u_(m-M),u_v_HI,V(M31),v_HI,vsini*,Com1,Com3,Com4,Com5,e_Ell,e_HRV,e_PA,e_sigHI,f_OName,f_Ref1,f_Ref2,f_Ref4,GLAT,GLON,l_sigHI,Meth,muEff,OName,R2,Ref1,Ref2,Ref3,Ref4,Ref5,sigHI,u_R2,u_sigHI
"MW  ","G  ","The Galaxy","S(B)bc",266.41666666666663,-29.007777777777775,, ,, ,,,,, ,,"  ",, ,,"  ",,"  ",, ,, ,,,, ,"",,,,,,,,,,,,,,,,,,,,,,, , , ,"  ","  ",,,"  ", ,,,,"Position refers to Sgr A*","","","",,,,, , , , ,,, ,"",,"The MW",,"","     ","","","",, , 
"MW  ","G  ","Canis Major","????",108.14583333333331,-27.666666666666664,7, ,87.0,c,13,-117,394,-172, ,-0.1,"  ",, ,24.0,"b ",123,":c",0.8,:,-14.4,d,49.0,,-0.5, ,"Canis Major",14.29,786,0.264,0.3,0.3,0.2,1,1,0.6,0.6,,,,,3.0,3.0,,0.8,0.8,0.8,0.8,, , , ,"  ","  ",,20.0,"b ", ,-185,,,"MW disk substructure?","","HI measurements complex due to location!","Based primarily on MS stars",,4.0,,, , , , ,-8.0,240.0, ,"CMD fitting",,"",,"300","1,2  ","101,102","201","400",, , 
"MW  ","G  ","Sagittarius dSph","dSph",283.83124999999995,-30.545277777777773,26, ,140.0, ,18,169,400,159, ,3.6,"  ",342.0, ,25.2,"  ",102,"  ",0.64, ,-13.5, ,21.0,190.0,-0.4, ,"Sagittarius dSph",17.1,791,0.153,0.15,0.15,0.2,2,2,0.3,0.3,12.0,12.0,219,219,0.7,0.7,,0.3,0.3,0.3,0.3,,b, ,N,"  ","  ",,11.4,"  ",N,149,,,"Tidally disrupting","","","",0.02,2.0,2,, , , , ,-14.2,5.6, ,"HRS",26.0,"",2587,"301","3,4  ","103,104","202,203,204,205","401",, , 
"MW  ","G  ","Segue (I)","dSph",151.76666666666665,16.081944444444442,23, ,208.5, ,28,113,401,69, ,15.3,"  ",4.4, ,27.6,"  ",85,"  ",0.48, ,-1.5, ,3.4E-4,0.26,-2.72, ,"Segue1",16.8,792,0.031,0.2,0.2,0.4,2,2,1.0,1.0,1.2,0.6,8,5,0.8,0.8,,0.8,0.8,0.8,0.8,, ,c,N,"  ","  ",,3.9,"  ",N,56,,,"","","Stellar velocity gradient constrained to <5km/s at 90% confidence","See also Simon et al. (2011, Cat. J/ApJ/733/46)",0.13,0.9,8,, , , , ,50.4,220.5, ,"MRS",28.7,"",29,"302","5,6  ","105","206,205","402",, , 
"MW  ","G  ","Ursa Major II","dSph",132.87499999999997,63.12999999999999,32, ,-116.5, ,38,-33,380,-3, ,13.3,"  ",16.0, ,27.9,"  ",98,"  ",0.63, ,-4.2, ,0.0041,3.9,-2.47, ,"UMA II GALAXY",17.5,771,0.094,0.3,0.3,0.06,4,4,0.6,0.6,1.0,1.0,21,21,1.4,1.4,,0.5,0.5,0.6,0.6,, , ,N,"  ","  ",,6.7,"  ",N,11,,,"","","Velocity difference of 8.4+/-1.4km/s between stars in the east and west","",0.05,1.9,4,, , , , ,37.4,152.5, ,"MRS",29.1,"",149,"303","7,8  ","105","207,205","403,404",, , 
"MW  ","G  ","Bootes II","dSph",209.49999999999997,12.849999999999998,42, ,-117.0, ,40,-116,416,-156, ,15.4,"  ",4.2, ,28.1,"  ",145,"  ",0.21, ,-2.7, ,0.001,3.3,-1.79, ,"Bootes II",18.1,807,0.031,0.06,0.06,0.05,1,1,1.6,1.6,1.4,1.4,17,17,7.4,7.4,,0.9,0.9,0.9,0.9,, , , ,"  ","  ",,10.5,"  ",N,-174,,,"","","","",0.21,5.2,55,, , , , ,68.9,353.7, ,"MRS (CaT)",29.1,"",51,"304","9,10 ","105","208,205","405",, , 
"MW  ","G  ","Segue II","dSph",34.81666666666666,20.175277777777776,35, ,-39.2, ,41,43,361,112, ,15.2,"  ",3.4, ,27.4,"  ",182,"  ",0.15, ,-2.5, ,8.6E-4,0.23,-2.0, ,"Segue2",17.7,753,0.185,0.1,0.1,0.25,2,2,0.4,0.4,0.2,0.2,3,3,2.5,1.2,,0.3,0.3,0.3,0.3,, , , ,"  ","  ",,3.4,"  ", ,141,,,"","","","",0.1,2.5,17,, , , , ,-38.1,149.4, ,"HRS",28.6,"",35,"305","11   ","106","209","305",, , 
"MW  ","G  ","Willman 1","dSph",162.33749999999998,51.04999999999999,38, ,-12.3, ,43,35,390,41, ,15.2,"  ",2.3, ,26.1,"  ",77,"  ",0.47, ,-2.7, ,0.001,0.27,-2.1,:,"WILLMAN I",17.9,780,0.014,0.4,0.4,,7,7,0.9,0.9,0.4,0.4,6,6,2.3,1.3,,0.7,0.7,0.8,0.8,, , , ,"  ","  ",,4.3,"  ",N,44,,,"Cluster?","","","Based on three stars",0.08,2.5,5,, , , , ,56.8,158.6, ,"MRS",27.2,"SDSS J1049+5103",25,"306","12,13","105","210,205","406",, , 
"MW  ","G  ","Coma Berenices","dSph",186.7458333333333,23.904166666666665,44, ,98.1, ,45,82,412,46, ,14.1,"  ",6.0, ,27.3,"  ",115,"  ",0.38, ,-4.1, ,0.0037,0.94,-2.6, ,"Coma Berenices",18.2,802,0.017,0.2,0.2,0.05,4,4,0.7,0.7,0.6,0.6,10,10,0.8,0.8,,0.5,0.5,0.5,0.5,, , ,N,"  ","  ",,4.6,"  ",N,32,,,"","","Stellar velocity gradient of 5.5+/-1.2km/s/deg","",0.14,0.9,10,, , , , ,83.6,241.9, ,"MRS",28.4,"",77,"302","5,8  ","105","207,205","403,404",, , 
"MW  ","G  ","Bootes III","dSph?",209.29999999999998,26.799999999999997,47, ,197.5, ,46,240,410,219, ,12.6,"  ",, ,31.3,"e ",90,": ",0.5,:,-5.8,d,0.017,,-2.1, ,"Bootes III",18.35,800,0.021,0.1,0.1,0.2,2,2,0.3,0.3,,,,,3.2,3.2,,0.5,0.5,0.5,0.5,, , , ,"  ","  ",,14.0,"  ", ,207,,,"Very diffuse. Tidal remnant?","","","",,3.8,,, , , , ,75.4,35.4, ,"MRS",,"",,"307","14,15","107","211","407",, , 
"MW  ","G  ","LMC","Irr",80.89374999999998,-69.7561111111111,51, ,262.2,d,50,68,421,12, ,0.4,"  ",, ,,"  ",,"  ",, ,-18.1, ,1500.0,,-0.5, ,"LMC",18.52,811,0.926,0.09,0.09,,2,2,,,,,,,0.5,0.5,3.0,0.1,0.1,0.1,0.1,15.9, , , ,"  ","  ",460.0,20.2,"  ", ,-6,63.0,49.8,"","","Stellar velocities based on carbon stars; HI boundaries between LMC, SMC, bridge, and interface regions not clearly defined","See also Cole et al. (2005, Cat. J/AJ/129/1465)",,3.4,,0.2, , ,e, ,-32.9,280.5, ,"MRS (CaT)",,"Nubecula Major",,"","16,17","108","212,213,214","408",15.8, , 
"MW  ","G  ","SMC","dIrr",13.186666666666666,-72.8286111111111,64, ,145.6,f,61,5,422,-35, ,2.2,"  ",, ,,"  ",,"  ",, ,-16.8, ,460.0,,-1.0, ,"SMC",19.03,811,0.419,0.12,0.12,0.02,4,4,,,,,,,0.5,0.5,5.0,0.2,0.2,0.2,0.2,, , ,N,"  ","  ",460.0,27.6,"  ", ,-48,60.0,,"","","Stellar velocities based on red giant branch stars; stellar velocity gradient of 8.3km/s/deg; HI boundaries between LMC, SMC, bridge, and interface regions not clearly defined","",,0.6,,2.0, , ,g, ,-44.3,302.8, ,"MRS (CaT)",,"Nubecula Minor,NGC 292",,"","18,19","108","215,216,214","409",22.0, ,d
"MW  ","G  ","Bootes (I)","dSph",210.02499999999998,14.499999999999998,66, ,99.0, ,64,106,430,69, ,12.8,"  ",12.6, ,27.5,"  ",14,"  ",0.39, ,-6.3, ,0.029,0.81,-2.55, ,"Bootes I",19.11,819,0.017,0.08,0.08,0.11,2,2,0.3,0.3,1.0,1.0,21,21,0.9,0.5,,0.2,0.2,0.2,0.2,, , , ,"  ","  ",,2.4,"  ",N,51,,,"","","Stellar velocity dispersion corresponds to dominant component, and there is evidence for a hotter component with {sigma}*~9km/s","See also Lai et al. (2011ApJ...738...51L)",0.06,2.1,6,, , , , ,69.6,358.1, ,"MRS",28.7,"",242,"308","20,13","105","217,205","402",, , 
"MW  ","G  ","Draco","dSph",260.0516666666666,57.91527777777777,76, ,-291.0, ,76,-96,366,-46, ,10.6,"  ",10.0, ,25.0,"  ",89,"  ",0.31, ,-8.8, ,0.29,11.0,-1.93, ,"UGC 10822",19.4,754,0.027,0.17,0.17,0.01,6,6,0.2,0.2,0.3,0.3,19,19,1.2,1.2,,0.2,0.2,0.3,0.3,, , ,N,"  ","  ",,9.1,"  ",N,-32,,,"","","","See also Winnick (2003PhDT.........9W)",0.02,0.1,2,, , , , ,34.7,86.4, ,"MRS",26.1,"UGC 10822,DDO 208",221,"309","21,22","105","218,219,205","404",, , 
"MW  ","G  ","Ursa Minor","dSph",227.28541666666663,67.2225,76, ,-246.9, ,78,-85,370,-44, ,10.6,"  ",8.2, ,26.0,"  ",53,"  ",0.56, ,-8.8, ,0.29,9.5,-2.13, ,"Ursa Minor",19.4,758,0.032,0.1,0.1,0.01,3,3,0.5,0.5,1.2,1.2,27,27,1.2,1.2,,0.5,0.5,0.5,0.5,, , ,N,"  ","  ",,9.5,"  ",N,-31,,,"","","","See also Winnick (2003PhDT.........9W)",0.05,0.1,5,, , ,h, ,44.8,105.0, ,"MRS",25.2,"UGC 9749,DDO 199",181,"309","23,24","109","220,219,205","404",, , 
"MW  ","G  ","Sculptor","dSph",15.039166666666665,-33.70916666666666,86, ,111.4, ,86,79,379,97, ,8.6,"  ",11.3, ,23.5,"  ",99,"  ",0.32, ,-11.1, ,2.3,14.0,-1.68, ,"SCULPTOR GALAXY",19.67,765,0.018,0.14,0.14,0.01,6,6,0.5,0.5,1.6,1.6,45,45,1.4,1.4,,0.5,0.5,0.5,0.5,,e, ,N,"  ","  ",0.22,9.2,"  ",N,106,,,"The prototypical dSph","","Stellar velocity gradient of 5.5+/-0.5km/s/deg","See also Battaglia et al. (2008ApJ...681L..13B)",0.03,0.1,1,, , , , ,-83.2,287.5, ,"MRS",24.3,"",283,"310","25,26","109","221,222,223,205","410,404",, , 
"MW  ","G  ","Sextans (I)","dSph",153.2625,-1.614722222222222,86, ,224.2, ,89,72,450,6, ,10.4,"  ",27.8, ,27.1,"  ",56,"  ",0.35, ,-9.3, ,0.44,25.0,-1.93, ,"SEXTANS GALAXY",19.67,839,0.047,0.1,0.1,0.01,4,4,0.5,0.5,1.2,1.2,44,44,1.3,1.3,,0.5,0.5,0.5,0.5,, , ,N,"  ","  ",,7.9,"  ",N,-14,,,"","","","See also Battaglia et al. (2011, Cat. J/MNRAS/411/1013)",0.05,0.1,5,, , ,i, ,42.3,243.5, ,"MRS",28.0,"",695,"311","27,26","109","221,222,205","404",, , 
"MW  ","G  ","Ursa Major (I)","dSph",158.71999999999997,51.919999999999995,97, ,-55.3, ,102,-7,391,0, ,14.4,"  ",11.3, ,27.7,"  ",71,"  ",0.8, ,-5.5, ,0.014,11.0,-2.18, ,"UMA I GALAXY",19.93,777,0.02,0.1,0.1,0.04,4,4,0.5,0.5,1.7,1.7,50,50,1.0,1.0,,0.3,0.3,0.3,0.3,, , , ,"  ","  ",,7.6,"  ",N,4,,,"","","","",0.04,1.4,3,, , , , ,54.4,159.4, ,"MRS",28.8,"",319,"312","28,8 ","105","207,205","403,404",, , 
"MW  ","G  ","Carina","dSph",100.40291666666666,-50.966111111111104,105, ,222.9, ,107,7,454,-53, ,11.0,"  ",8.2, ,25.5,"  ",65,"  ",0.33, ,-9.1, ,0.38,6.3,-1.72, ,"CARINA dSph",20.11,841,0.061,0.13,0.13,0.01,6,6,0.5,0.5,1.2,1.2,39,39,1.2,1.2,,0.5,0.5,0.5,0.5,, , ,N,"  ","  ",,6.6,"  ",N,-70,,,"","","Stellar velocity gradient of 2.5+/-0.8km/s/deg","",0.05,0.1,5,, , , , ,-22.2,260.1, ,"MRS (CaT)",26.0,"",250,"313","29,26","109","221,222,205","411",, , 
"MW  ","G  ","Hercules","dSph",247.7583333333333,12.791666666666664,132, ,45.2, ,126,145,444,141, ,14.0,"  ",8.6, ,27.2,"  ",102,"  ",0.68, ,-6.6, ,0.037,2.6,-2.41, ,"HERCULES DWARF GALAXY",20.6,826,0.063,0.2,0.2,0.04,12,12,0.6,0.6,1.8,1.1,75,52,0.9,0.9,,0.3,0.3,0.4,0.4,, , , ,"  ","  ",,3.7,"  ",N,133,,,"Tidally disrupting? Remnant? Cluster?","","","",0.08,1.1,4,, , , , ,36.9,28.7, ,"MRS",28.3,"",330,"302","30,31","105","224,205","403,404",, , 
"MW  ","G  ","Fornax","dSph",39.99708333333333,-34.44916666666666,147, ,55.3, ,149,-33,394,-30, ,7.4,"  ",16.6, ,23.3,"  ",41,"  ",0.3, ,-13.4, ,20.0,56.0,-0.99, ,"FORNAX DWARF SPHEROIDAL",20.84,772,0.021,0.18,0.18,0.01,12,12,0.3,0.3,1.2,1.2,77,77,0.9,0.9,,0.3,0.3,0.3,0.3,,f, ,N,"  ","  ",0.17,11.7,"  ",N,-24,,,"","","Stellar velocity gradient of 6.3+/-0.2km/s/deg","See also Battaglia et al. (2006, Cat. J/A+A/459/423)",0.01,0.1,1,, , , , ,-65.7,237.1, ,"MRS",24.0,"",710,"314","29,26","109","221,222,225,205","404",, , 
"MW  ","G  ","Leo IV","dSph",173.23749999999998,-0.5333333333333332,154, ,132.3, ,155,13,513,-54, ,15.1,"  ",4.6, ,27.5,"  ",121,"  ",0.49, ,-5.8, ,0.019,1.3,-2.54, ,"Leo IV",20.94,899,0.026,0.09,0.09,0.07,6,6,0.7,0.7,0.8,0.8,37,37,1.7,1.7,,0.4,0.4,0.4,0.4,, , , ,"  ","  ",,3.3,"  ",N,-78,,,"Binary w/Leo V?","","","HRS of a single star in Simon et al. (2010ApJ...716..446S)",0.11,1.4,9,, , , , ,57.4,264.4, ,"MRS",28.6,"",206,"302","32,8 ","110","207,205","403,404",, , 
"MW  ","G  ","Canes Venatici II","dSph",194.29166666666663,34.320833333333326,160, ,-128.9, ,161,-95,458,-113, ,16.1,"  ",1.6, ,26.1,"  ",177,"  ",0.52, ,-4.9, ,0.0079,0.91,-2.21, ,"CVn II dSph",21.02,837,0.01,0.06,0.06,0.05,4,4,0.7,0.7,0.3,0.3,14,14,1.0,1.0,,0.5,0.5,0.5,0.5,, , , ,"  ","  ",,4.6,"  ",N,-122,,,"","","","",0.11,1.2,9,, , , , ,82.7,113.6, ,"MRS",27.2,"SDSS J1257+3419",74,"315,302","33,8 ","105","207,205","403,404",, , 
"MW  ","G  ","Leo V","dSph",172.78999999999996,2.2199999999999998,178, ,173.3, ,179,59,530,-7, ,16.0,"  ",2.6, ,27.1,"  ",96,"  ",0.5, ,-5.2, ,0.011,1.1,-2.0, ,"Leo V",21.25,915,0.027,0.12,0.12,0.2,10,10,0.8,0.8,0.6,0.6,32,32,2.3,1.4,,0.4,0.4,0.4,0.4,, , , ,"  ","  ",,3.7,"  ",N,-30,,,"Cluster? Binary w/Leo IV?","","","",0.15,3.1,13,, , , , ,58.5,261.9, ,"Isochrones",28.2,"",135,"316","34   ","110","226,227,205","412",, , 
"MW  ","G  ","Pisces II","dSph",344.6291666666666,5.952499999999999,182,:,, ,181,,285,, ,16.3,"  ",1.1, ,25.7,"  ",77,"  ",0.4, ,-5.0,:,0.0086,,-1.9,:,"Pisces II",21.3,660,0.065,,,,,,0.6,0.6,0.1,0.1,99,99,,,,0.5,0.5,,,, , , ,"  ","  ",,,": ", ,,,,"Awaiting spectr. confirmation","","","",0.1,,12,, , , , ,-47.1,79.2, ,"Isochrones",26.8,"",58,"317","35   ","111","","317",, , 
"MW  ","G  ","Canes Venatici (I)","dSph",202.0145833333333,33.555833333333325,218, ,30.9, ,218,78,493,62, ,13.1,"  ",8.9, ,27.1,"  ",70,"  ",0.39, ,-8.6, ,0.23,19.0,-1.98, ,"CVn I dSph",21.69,864,0.014,0.1,0.1,0.01,10,10,0.2,0.2,0.4,0.4,36,36,0.4,0.4,,0.2,0.2,0.2,0.2,, , , ,"  ","  ",,7.6,"  ",N,54,,,"","","","",0.03,0.6,4,, , , , ,79.8,74.3, ,"MRS",28.2,"",564,"318","36,8 ","105","207,205","403,404",, , 
"MW  ","G  ","Leo II","dSph",168.36999999999998,22.151666666666664,233, ,78.0, ,236,24,529,-16, ,12.0,"  ",2.6, ,24.2,"  ",12,"  ",0.13, ,-9.8, ,0.74,4.6,-1.62, ,"Leo II",21.84,901,0.017,0.13,0.13,0.01,14,14,0.3,0.3,0.6,0.6,42,42,0.7,0.7,,0.3,0.3,0.3,0.3,, , , ,"  ","  ",,6.6,"  ",N,-29,,,"","","","See also Koch et al. (2007, Cat. J/AJ/133/270)",0.05,0.1,10,, , ,j, ,67.2,220.2, ,"MRS",24.8,"Leo B,UGC 6253,DDO 93",176,"319","37,22","109","218,205","404",, , 
"MW  ","G,L","Leo I","dSph",152.1170833333333,12.306388888888888,254, ,282.5, ,258,174,551,125, ,10.0,"  ",3.4, ,22.6,"  ",79,"  ",0.21, ,-12.0, ,5.5,12.0,-1.43, ,"Leo I",22.02,922,0.036,0.13,0.13,0.01,15,15,0.3,0.3,0.3,0.3,27,27,1.4,1.4,,0.3,0.3,0.3,0.3,, , ,N,"  ","  ",,9.2,"  ",N,111,,,"","","","See also Koch et al. (2007, Cat. J/AJ/133/270)",0.03,0.1,3,, , , , ,49.1,226.0, ,"MRS",23.3,"UGC 5470,DDO 74,Regulus Dwarf",251,"319","38,39","109","228,205","404",, , 
"M31 ","A  ","Andromeda","Sb",10.684583333333332,41.26916666666666,783, ,-300.0, ,787,-122,392,-34, ,,"  ",, ,,"  ",,"  ",, ,, ,,,, ,"Andromeda",24.47,0,0.684,0.07,0.07,,25,25,,,,,,,,,,,,,,, , , ,"  ","  ",,,"  ", ,0,,,"","","","",,4.0,,, , , , ,-21.6,121.2, ,"",,"M31,NGC 224,UGC 454",,"","40,41","","","",, , 
"M31 ","A  ","M32","cE",10.674166666666665,40.86527777777777,805, ,-199.0, ,809,-22,414,67, ,8.1,"  ",0.47, ,11.1,":f",159,"  ",0.25, ,-16.4, ,320.0,540.0,-0.25, ,"M 32",24.53,23,0.154,0.21,0.21,,78,78,,,0.05,0.05,16,16,5.0,5.0,,0.1,0.1,0.2,0.2,3.0, , , ,"  ","  ",,92.0,"  ",N,100,,55.0,"","","Stellar velocity dispersion rises rapidly toward center and presents strong evidence for a supermassive black hole (e.g., see also van der Marel et al., 1997ApJ...488..119V)","Likely significant age spread and gradients?",0.02,6.0,2,, , , , ,-22.0,121.2, ,"Isochrones",17.0,"NGC 221,UGC 452",110,"320","42,43","108,112","229,205","413",, , 
"M31 ","A  ","Andromeda IX","dSph",13.220833333333331,43.195833333333326,766, ,-207.7, ,770,-32,375,56, ,16.3,"  ",2.5, ,28.0,"  ",,"  ",, ,-8.1, ,0.15,6.5,-2.2, ,"Andromeda IX",24.42,40,0.075,0.07,0.07,0.2,25,25,1.2,1.2,0.1,0.1,29,29,3.6,3.6,,1.1,1.1,1.1,1.1,, , , ,"  ","  ",,4.5,"  ",N,90,,,"","","","",,2.7,,, , , , ,-19.7,123.2, ,"Co-added MRS (CaT)",29.2,"",557,"321","40,44","44,114","44,205","44",, , 
"M31 ","A  ","NGC 205","dE/dSph",10.092083333333331,41.68527777777777,824, ,-246.0, ,828,-67,433,22, ,8.1,"  ",2.46, ,15.4,":g",28,"  ",0.43, ,-16.5, ,330.0,420.0,-0.8, ,"NGC 205",24.58,42,0.085,0.07,0.07,0.2,27,27,,,0.1,0.1,31,31,5.0,5.0,,0.1,0.1,0.1,0.1,5.0, , , ,"  ","  ",0.4,35.0,"  ",N,56,,11.0,"","","H I velocity gradient of ~42km/s measured over ~3arcmin","",0.1,1.0,5,, , , , ,-21.1,120.7, ,"Isochrones",20.3,"M110,UGC 426",590,"322","40,45","108,112","231,232","415",16.1, ,g
"M31 ","A  ","Andromeda XVII","dSph",9.279166666666665,44.322222222222216,794, ,, ,798,,404,, ,15.8,"  ",1.24, ,25.7,"  ",122,"  ",0.27, ,-8.7, ,0.26,,-1.9, ,"Andromeda XVII",24.5,45,0.074,0.1,0.1,0.2,37,37,0.5,0.5,0.08,0.08,23,23,,,,0.4,0.4,0.4,0.4,, , , ,"  ","  ",,,"  ",N,,,,"","","","",0.06,,7,, , , , ,-18.5,120.2, ,"Isochrones",26.8,"",286,"323","46   ","115","205","416",, , 
"M31 ","A  ","Andromeda I","dSph",11.415833333333332,38.04111111111111,745, ,-375.8, ,749,-204,355,-116, ,12.7,"  ",3.1, ,24.7,"  ",22,"  ",0.22, ,-11.7, ,3.9,44.0,-1.45, ,"Andromeda I",24.36,58,0.053,0.07,0.07,0.04,24,24,0.2,0.2,0.3,0.3,69,69,1.1,1.1,,0.1,0.1,0.1,0.1,, , , ,"  ","  ",,10.6,"  ",N,-82,,,"","","","",0.04,1.4,15,, , , , ,-24.8,121.7, ,"Isochrones",25.8,"",672,"324","40,47","116","233,205","417",, , 
"M31 ","A  ","Andromeda XXVII","dSph",9.362916666666665,45.38694444444444,828, ,, ,832,,439,,h,16.7,"  ",1.8, ,27.6,"  ",150,"  ",0.4, ,-7.9, ,0.12,,-1.7, ,"Andromeda XXVII",24.59,75,0.08,0.12,0.12,0.2,46,46,0.5,0.5,0.3,0.3,76,76,,,,0.5,0.5,0.5,0.5,, , , ,"  ","  ",,,"  ", ,,,,"Tidally disrupting? Remnant?","","","",0.2,,10,, , , , ,-17.4,120.4, ,"Isochrones",28.3,"",434,"325","48   ","117","","235",, , 
"M31 ","A  ","Andromeda III","dSph",8.890833333333331,36.49777777777777,748, ,-345.6, ,752,-171,360,-83, ,14.4,"  ",2.2, ,24.8,"  ",136,"  ",0.52, ,-10.0, ,0.83,6.1,-1.78, ,"Andromeda III",24.37,75,0.056,0.07,0.07,0.04,24,24,0.2,0.2,0.2,0.2,46,46,1.8,1.8,,0.3,0.3,0.3,0.3,, , , ,"  ","  ",,4.7,"  ",N,-49,,,"","","","",0.02,1.8,3,, , , ,h,-26.3,119.4, ,"Isochrones",26.2,"",479,"324","40,47","116","233,234,205","417",, , 
"M31 ","A  ","Andromeda XXV","dSph",7.5370833333333325,46.851944444444435,813, ,, ,817,,426,, ,14.8,"  ",3.0, ,27.1,"  ",170,"  ",0.25, ,-9.7, ,0.68,,-1.8, ,"Andromeda XXV",24.55,88,0.101,0.12,0.12,0.2,45,45,0.5,0.5,0.2,0.2,61,61,,,,0.5,0.5,0.5,0.5,, , , ,"  ","  ",,,"  ", ,,,,"","","","",0.05,,10,, , , , ,-15.9,119.2, ,"Isochrones",27.8,"",709,"325","48   ","117","","325",, , 
"M31 ","A  ","Andromeda XXVI","dSph",5.9399999999999995,47.91611111111111,762, ,, ,766,,377,, ,17.3,"  ",1.0, ,27.4,"  ",145,"  ",0.25, ,-7.1, ,0.06,,-1.9, ,"Andromeda XXVI",24.41,103,0.11,0.12,0.12,0.2,42,42,0.5,0.5,0.1,0.1,25,25,,,,0.5,0.5,0.5,0.5,, , , ,"  ","  ",,,"  ", ,,,,"","","","",0.05,,10,, , , , ,-14.7,118.1, ,"Isochrones",27.9,"",222,"325","48   ","117","","325",, , 
"M31 ","A  ","Andromeda XI","dSph",11.583333333333332,33.80138888888889,759, ,-419.6, ,763,-255,374,-167, ,17.5,"  ",0.71, ,26.5,"  ",,"  ",, ,-6.9, ,0.049,1.9,-2.0, ,"Andromeda XI",24.4,104,0.08,0.2,0.5,0.2,70,175,1.3,1.3,0.03,0.03,16,37,,,,1.2,1.2,1.3,1.3,, , , ,"<=","  ",,4.6,"  ",N,-134,,,"","","","",,4.4,,, , , , ,-29.1,121.7, ,"Co-added MRS (CaT)",27.6,"",157,"326","44   ","44,114","44,205","44",, , 
"M31 ","A  ","Andromeda V","dSph",17.57125,47.62805555555555,773, ,-403.0, ,778,-229,389,-143, ,15.3,"  ",1.4, ,25.3,"  ",32,"  ",0.18, ,-9.1, ,0.39,,-1.6, ,"Andromeda V",24.44,110,0.125,0.08,0.08,0.3,28,28,0.2,0.2,0.2,0.2,46,46,5.3,4.4,,0.2,0.2,0.2,0.2,, , , ,"  ","  ",,11.5,"  ",N,-109,,,"","","Not associated with HI detection in Blitz & Robishaw (2000ApJ...541..675B)","",0.05,4.0,10,, , , , ,-15.1,126.2, ,"Co-added LRS (CaT)",26.7,"",315,"327","40,49","116","235,234,205","235",, , 
"M31 ","A  ","Andromeda X","dSph",16.640416666666663,44.804444444444435,701, ,-163.8, ,706,8,314,95, ,16.6,"  ",1.3, ,26.3,"  ",46,"  ",0.44, ,-7.6, ,0.096,2.3,-1.93, ,"Andromeda X",24.23,110,0.129,0.21,0.21,0.11,68,68,1.1,1.1,0.1,0.1,33,33,1.2,1.2,,1.0,1.0,1.0,1.0,, , , ,"  ","  ",,3.9,"  ",N,128,,,"","","","",0.06,1.2,5,, , , , ,-18.0,125.8, ,"Isochrones",27.4,"",265,"328","50,47","115","233,205","417",, , 
"M31 ","A  ","Andromeda XXIII","dSph",22.34083333333333,38.718888888888884,769, ,, ,774,,388,, ,14.2,"  ",4.6, ,28.0,"  ",138,"  ",0.4, ,-10.2, ,1.1,,-1.8, ,"Andromeda XXIII",24.43,127,0.066,0.13,0.13,0.2,46,46,0.5,0.5,0.2,0.2,76,76,,,,0.5,0.5,0.5,0.5,, , , ,"  ","  ",,,"  ", ,,,,"","","","",0.05,,5,, , , , ,-23.6,131.0, ,"Isochrones",27.8,"",1029,"325","48   ","117","","325",, , 
"M31 ","A  ","Andromeda XX","dSph",1.8779166666666665,35.13222222222222,802, ,, ,805,,420,, ,18.2,"  ",0.53, ,26.2,"  ",80,"  ",0.3, ,-6.3, ,0.029,,-1.5, ,"Andromeda XX",24.52,129,0.059,0.74,0.24,0.1,273,89,0.8,0.8,0.14,0.04,53,17,,,,0.8,0.8,1.1,0.8,, , , ,"  ","  ",,,"  ", ,,,,"","","","",0.15,,20,, , , , ,-26.9,112.9, ,"Isochrones",27.3,"",124,"329","51   ","118","","329",, , 
"M31 ","A,L","Andromeda XII","dSph",11.862499999999999,34.37472222222222,871, ,-558.4, ,875,-393,485,-306, ,18.3,"  ",1.2, ,28.5,"  ",,"  ",, ,-6.4, ,0.031,1.2,-2.1, ,"Andromeda XII",24.7,133,0.11,0.3,0.3,0.2,120,120,1.3,1.3,0.2,0.2,66,66,5.1,2.6,,1.2,1.2,1.2,1.2,, , , ,"  ","  ",,2.6,"  ",N,-272,,,"Unbound to M31?","","","",,3.2,,, , , , ,-28.5,122.0, ,"Co-added MRS (CaT)",29.6,"",304,"326","44   ","44,114","44,205","44",, , 
"M31 ","A  ","NGC 147","dE/dSph",8.300416666666665,48.50888888888888,676, ,-193.1, ,680,-4,292,85, ,9.5,"  ",3.17,:,21.2,": ",25,"  ",0.41, ,-14.6, ,62.0,93.0,-1.1, ,"NGC 147",24.15,142,0.172,0.09,0.09,0.1,28,28,,,,,,,1.0,1.0,,0.1,0.1,0.1,0.1,2.0, , , ,"  ","  ",,16.0,"  ",N,118,,17.0,"Binary w/NGC 185? Tidal stream","r_25_=6.6+/-0.3arcmins","","",0.02,0.8,3,, , , , ,-14.3,119.8, ,"MRS (CaT)",22.3,"UGC 326,DDO 3",623,"330","40,52","108","236,205","419",,:, 
"M31 ","A  ","Andromeda XXI","dSph",358.69874999999996,42.470833333333324,859, ,, ,862,,476,, ,14.8,"  ",3.5, ,27.0,"  ",110,"  ",0.2, ,-9.9, ,0.76,,-1.8, ,"Andromeda XXI",24.67,150,0.093,0.13,0.13,0.2,51,51,0.4,0.4,0.3,0.3,91,91,,,,0.6,0.6,0.6,0.6,, , , ,"  ","  ",,,"  ", ,,,,"","","","",0.07,,15,, , , , ,-19.2,111.9, ,"Isochrones",28.2,"",875,"331","53   ","119","","331",, , 
"M31 ","A,L","Andromeda XIV","dSph",12.895833333333332,29.69694444444444,735, ,-481.0, ,739,-326,361,-240, ,15.9,"  ",1.7, ,27.2,"  ",,"  ",0.31, ,-8.4, ,0.2,6.1,-2.26, ,"Andromeda XIV",24.33,162,0.06,0.33,0.33,0.05,112,112,0.6,0.6,0.8,0.8,180,180,1.3,1.3,,0.5,0.5,0.6,0.6,, , , ,"  ","  ",,5.4,"  ",N,-208,,,"Unbound to M31? In Pisces","","","",0.09,2.0,,, , , , ,-33.2,123.0, ,"Isochrones",27.5,"",363,"332","54,47","120","233,205","417",, , 
"M31 ","A  ","Andromeda XV","dSph",18.577916666666663,38.11749999999999,631, ,-339.0, ,636,-180,247,-95, ,14.6,"  ",1.21, ,24.8,"  ",0,": ",0.0,:,-9.4, ,0.49,16.0,-1.8, ,"Andromeda XV",24.0,174,0.047,0.2,0.2,0.2,58,58,0.4,0.4,0.05,0.05,22,22,7.0,5.0,,0.3,0.3,0.4,0.4,, , , ,"  ","  ",,11.0,"  ",N,-61,,,"","","","",,7.0,,, , , , ,-24.5,127.9, ,"Co-added MRS (CaT)",25.9,"",222,"333","55,56","121","237,205","420",, , 
"M31 ","A  ","Andromeda XIII","dSph",12.962499999999999,33.00444444444444,912, ,-195.0, ,916,-34,528,53, ,18.1,"  ",0.78, ,27.3,"  ",,"  ",, ,-6.7, ,0.041,11.0,-1.9, ,"Andromeda XIII",24.8,180,0.082,0.1,0.4,0.2,42,168,1.3,1.3,0.08,0.08,23,44,8.9,4.5,,1.2,1.2,1.3,1.3,, , , ,"  ","  ",,9.7,"  ",N,86,,,"In Pisces","","Stellar velocity dispersion based on three stars","",,8.4,,, , , , ,-29.9,123.0, ,"Co-added MRS (CaT)",28.4,"",207,"326","44   ","44,114","44,205","44",, , 
"M31 ","A  ","Andromeda II","dSph",19.124166666666664,33.41916666666666,652, ,-193.6, ,657,-44,276,40, ,11.7,"  ",6.2, ,24.5,"  ",34,"  ",0.2, ,-12.4, ,7.6,36.0,-1.64, ,"Andromeda II",24.07,184,0.061,0.06,0.06,0.04,18,18,0.2,0.2,0.2,0.2,50,50,0.8,0.8,,0.2,0.2,0.2,0.2,, , , ,"  ","  ",,7.3,"  ",N,73,,,"In Pisces","","","",0.08,1.0,6,, , , , ,-29.2,128.9, ,"Isochrones",26.3,"",1176,"324","40,47","116","233,205","417",, , 
"M31 ","A  ","NGC 185","dE/dSph",9.741666666666665,48.33749999999999,617, ,-203.8, ,621,-17,234,72, ,9.2,"  ",2.55,:,20.8,": ",35,"  ",0.15, ,-14.8, ,68.0,150.0,-1.3, ,"NGC 185",23.95,187,0.184,0.09,0.09,0.1,26,26,,,,,,,1.0,1.0,,0.1,0.1,0.1,0.1,5.0, , , ,"  ","  ",0.11,24.0,"  ",i,105,,15.0,"Binary w/NGC 147?","r_25_=5.8+/-0.3arcmins","","",0.01,1.1,3,0.8, , , , ,-14.5,120.8, ,"MRS (CaT)",21.9,"UGC 396",458,"334","40,52","108","236,232","419",15.3,:, 
"M31 ","A  ","Andromeda XXIX","dSph",359.7316666666666,30.755555555555553,731, ,, ,734,,363,, ,16.0,"  ",1.7, ,27.6,"  ",51,"  ",0.35, ,-8.3, ,0.18,,-1.8,:,"Andromeda XXIX",24.32,188,0.046,0.22,0.22,,74,74,0.4,0.4,0.2,0.2,56,56,,,,0.3,0.3,0.4,0.4,, , , ,"  ","  ",,,"  ", ,,,,"In Pegasus","","","",0.06,,8,, , , , ,-30.8,109.8, ,"Isochrones",27.6,"",361,"335","57   ","122","","335",, , 
"M31 ","A  ","Andromeda XIX","dSph",4.883749999999999,35.043611111111105,933, ,, ,936,,548,, ,15.6,"  ",6.2, ,29.3,"  ",37,"  ",0.17, ,-9.2, ,0.43,,-1.9, ,"Andromeda XIX",24.85,189,0.062,0.13,0.13,0.1,56,56,0.7,0.7,0.1,0.1,105,105,,,,0.6,0.6,0.6,0.6,, , , ,"  ","  ",,,"  ", ,,,,"","","","",0.02,,8,, , , , ,-27.4,115.6, ,"Isochrones",30.2,"",1683,"329","51   ","118","","329",, , 
"M31 ","A  ","Triangulum","Sc",23.46208333333333,30.66027777777777,809, ,-179.2, ,814,-45,442,37, ,5.7,"  ",, ,,"  ",23,"  ",0.41, ,-18.8, ,2900.0,,, ,"M 33",24.54,206,0.041,0.06,0.06,,22,22,,,,,,,,,,0.1,0.1,0.1,0.1,, , , ,"  ","  ",,,"k ", ,69,,,"","","","",,1.7,,, ,a, , ,-31.3,133.6, ,"",,"M33,NGC 598,UGC 1117",,"","40,58","108","","",, , 
"M31 ","A  ","Andromeda XXIV","dSph",19.624999999999996,46.3661111111111,600, ,, ,605,,220,, ,16.3,"  ",2.1, ,27.8,"  ",5,"  ",0.25, ,-7.6, ,0.093,,-1.8, ,"Andromeda XXIV",23.89,208,0.083,0.12,0.12,0.2,33,33,0.5,0.5,0.1,0.1,27,27,,,,0.5,0.5,0.5,0.5,, , , ,"  ","  ",,,"  ", ,,,,"","","","",0.05,,10,, , , , ,-16.3,127.8, ,"Isochrones",28.5,"",367,"325","48   ","117","","325",, , 
"M31 ","A  ","Andromeda VII","dSph",351.6320833333333,50.67583333333333,762, ,-309.4, ,765,-98,401,-8, ,11.8,"  ",3.5, ,23.2,"  ",94,"  ",0.13, ,-12.6, ,9.5,42.0,-1.4, ,"Andromeda VII",24.41,218,0.194,0.1,0.1,0.3,35,35,0.2,0.2,0.1,0.1,42,42,1.6,1.6,,0.3,0.3,0.3,0.3,, , , ,"  ","  ",,9.7,"  ", ,24,,,"","","","",0.04,2.3,8,, , , , ,-10.0,109.5, ,"Isochrones",25.3,"Casseopia dSph",776,"336","40,47","116","233,205","417",, , 
"M31 ","A  ","Andromeda XXII","dSph",21.916666666666664,28.090277777777775,794,:,, ,799,,432,, ,18.0,"  ",0.94, ,26.7,"  ",114,"  ",0.56, ,-6.5, ,0.034,,-1.8,:,"Andromeda XXII",24.5,221,0.079,,,,,,0.6,0.6,0.1,0.1,99,99,,,,0.8,0.8,9.9,9.9,, , , ,"  ","  ",,,":l", ,,,,"M33 satellite? In Pisces","","","",0.11,,15,, , , , ,-34.1,132.6, ,"Isochrones",27.9,"",217,"331","53   ","119","","331",, , 
"M31 ","A  ","IC 10","dIrr",5.072083333333333,59.30388888888888,794, ,-348.0, ,798,-150,440,-64, ,9.5,"  ",2.65,:,24.6,"  ",,"  ",0.19, ,-15.0, ,86.0,,-1.28,:,"IC 10",24.5,252,1.568,0.12,0.12,,44,44,0.2,0.2,,,,,,,5.0,0.2,0.2,0.2,0.2,, , , ,"  ","  ",50.0,,"  ", ,-32,34.0,,"","r_25_=3.2+/-0.1arcmins","Gaseous disk embedded in complex, extended HI distribution, (with a dispersion of around 30-40km/s)","",0.02,1.0,,1.0, , , , ,-3.3,119.0, ,"Isochrones,RGB color",22.3,"UGC 192",612,"337","59,43","108,103","238,239","421",8.0,:, 
"M31 ","A  ","LGS 3 (Local Group Suspect 3)","dIrr/dSph",15.979166666666664,21.884999999999998,769, ,-286.5, ,773,-155,422,-74, ,14.3,"  ",2.1, ,24.8,"  ",0,": ",0.2,:,-10.1, ,0.96,17.0,-2.1, ,"LGS 3",24.43,269,0.04,0.07,0.07,0.22,25,25,0.1,0.1,0.2,0.2,47,47,5.3,2.9,,0.1,0.1,0.1,0.1,, , , ,"  ","<=",0.38,7.9,"  ", ,-43,5.0,,"","","Stellar velocity dispersion based on four stars","",,0.3,,0.3, , , , ,-40.9,126.8, ,"RGB color",26.6,"Pisces (I)",470,"338,339","40,60","124","240,241","422",9.1, , 
"M31 ","A  ","Andromeda VI","dSph",357.94291666666663,24.582499999999996,783, ,-354.0, ,785,-180,435,-93, ,13.2,"  ",2.3, ,24.1,"  ",163,"  ",0.41, ,-11.3, ,2.8,,-1.3, ,"Andromeda VI",24.47,269,0.063,0.07,0.07,0.14,25,25,0.2,0.2,0.2,0.2,49,49,3.2,2.4,,0.2,0.2,0.2,0.2,, , , ,"  ","  ",,9.4,"  ",N,-62,,,"","","","",0.03,3.0,3,, , , , ,-36.3,106.0, ,"Co-added MRS (CaT)",25.3,"Pegasus dSph",524,"336,340","40,49","116","235,205","235",, , 
"M31 ","A,L","Andromeda XVI","dSph",14.874166666666664,32.376666666666665,525, ,-385.0, ,529,-229,153,-143, ,14.4,"  ",0.89, ,23.9,"  ",0,": ",0.0,:,-9.2, ,0.41,7.9,-2.1, ,"Andromeda XVI",23.6,279,0.067,0.2,0.2,0.2,48,48,0.4,0.4,0.05,0.05,15,15,,,,0.3,0.3,0.4,0.4,, , , ,"<=","  ",,10.0,"  ",N,-110,,,"In Pisces","","","",,5.0,,, , , , ,-30.5,124.9, ,"Co-added MRS (CaT)",25.0,"",136,"333","55,56","121","237,205","420",, , 
"Rest","A,L","Andromeda XXVIII","dSph?",338.1716666666666,31.216111111111108,661, ,, ,661,,364,, ,15.6,"  ",1.11, ,26.3,"  ",39,"  ",0.34, ,-8.5, ,0.21,,, ,"Andromeda XXVIII",24.1,368,0.096,0.5,0.2,,152,61,0.4,0.9,0.21,0.21,64,45,,,,0.4,0.9,0.4,1.0,, , , ,"  ","  ",,,"  ", ,,,,"In Pegasus","","","",0.13,,16,, , , , ,-22.9,91.0, ,"",26.3,"",213,"341","61   ","125","","",, , 
"Rest","L  ","IC 1613","dIrr",16.199166666666663,2.1177777777777775,755, ,-233.0, ,758,-154,517,-90, ,9.2,"  ",6.81,:,22.8,": ",50,"  ",0.11, ,-15.2, ,100.0,,-1.6, ,"IC 1613",24.39,520,0.025,0.12,0.12,0.2,42,42,,,,,,,,,1.0,0.1,0.1,0.2,0.2,, , , ,"  ","  ",65.0,,"  ", ,-64,5.9,,"","r_25_=8.1+/-0.2arcmins","","Derived in E. Skillman et al., (2012 in preparation)",0.03,1.0,2,3.0, , , , ,-60.6,129.7, ,"CMD modeling",24.1,"DDO 8,UGC 668",1496,"342","62,63","108","242,243","423",25.0,:, 
"Rest","L,G","Phoenix","dIrr/dSph",27.776249999999997,-44.44472222222222,415, ,-13.0,m,415,-103,556,-106, ,13.2,"  ",3.76,:,25.8,": ",5,"i ",0.4,j,-9.9, ,0.77,,-1.37, ,"Phoenix",23.09,868,0.016,0.1,0.1,0.2,19,19,,,,,,,,,,0.4,0.4,0.4,0.4,, , , ,"  ","  ",0.12,,"  ", ,-104,,,"","r_t_=15.8^+4.3^_-2.8_arcmins; assumed c=0.7","HI cloud offset from optical center of Phoenix, proposed as supernova-driven outflow; HI velocity gradient of ~10km/s observed over ~8arcmin","",0.1,9.0,1,4.0, , , , ,-68.9,272.2, ,"RGB color",26.4,"",454,"343","64,65","126,107","244","424",10.0,:, 
"Rest","L,G","NGC 6822","dIrr",296.2358333333333,-14.789166666666665,459, ,-57.0, ,452,43,595,64, ,8.1,"  ",2.65,:,19.7,": ",330,"  ",0.24, ,-15.2, ,100.0,,-1.0, ,"NGC 6822",23.31,897,0.231,0.08,0.08,0.5,17,17,,,,,,,,,2.0,0.2,0.2,0.2,0.2,, , , ,"  ","  ",130.0,,"  ", ,65,47.0,,"Polar ring morph.","r_25_=7.7+/-0.2arcmins","Demers et al. (2006ApJ...636L..85D) obtain velocities for >100 AGB stars.","",0.05,2.0,10,1.9, , ,n, ,-18.4,25.4, ,"LRS (CaT)",20.8,"IC 4895,DDO 209,Barnard's Galaxy",354,"344","66,67","108,108","245,246","425",5.8,:, 
"Rest","L  ","Cetus","dSph",6.5458333333333325,-11.044444444444443,755, ,-87.0, ,756,-27,603,26, ,13.2,"  ",3.2, ,25.0,"  ",63,"  ",0.33, ,-11.2, ,2.6,120.0,-1.9, ,"Cetus dSph",24.39,681,0.029,0.07,0.07,0.1,24,24,0.2,0.2,0.1,0.1,31,31,2.0,2.0,,0.2,0.2,0.2,0.2,1.2, ,j, ,"  ","  ",,17.0,"  ",N,46,,7.7,"Isolated dSph","","Tentative stellar velocity gradient across minor axis of 7.7+/-1.2km/s; unassociated with nearby HI cloud","",0.06,2.0,3,, , , , ,-72.9,101.5, ,"MRS (CaT)",26.2,"",703,"345","40,68","116","247,205","426",, , 
"Rest","L,A","Pegasus dIrr","dIrr/dSph",352.15124999999995,14.743055555555554,920, ,-183.3, ,921,-21,618,60, ,12.6,"  ",2.1,:,22.8,": ",120,"  ",0.46, ,-12.2, ,6.61,,-1.4, ,"UGC 12613",24.82,474,0.068,0.07,0.07,0.2,30,30,,,,,,,,,,0.2,0.2,0.2,0.2,, , , ,"  ","  ",5.9,,"  ",:,89,21.0,,"","","","",0.02,5.0,2,, ,b,o, ,-43.6,94.8,<,"Isochrones",24.4,"UGC 12613,DDO 216",562,"346","40,69","108","248,249","415",9.0,:, 
"Rest","L,G","Leo T","dIrr/dSph",143.72249999999997,17.051388888888887,417, ,38.1, ,422,-58,651,-98, ,15.1,"k ",0.99, ,24.8,"  ",0,": ",0.0,:,-8.0, ,0.14,3.9,-1.99, ,"Leo T",23.1,991,0.031,0.1,0.1,0.05,19,19,0.6,0.6,0.06,0.06,9,9,1.6,1.6,,0.5,0.5,0.5,0.5,, , , ,"  ","  ",0.28,7.5,"  ",N,-108,,,"","","","",,2.0,,1.0, , , , ,43.7,214.9, ,"MRS",26.0,"",120,"347","70,8 ","129","207,250","403,404",6.9, , 
"Rest","L  ","WLM (Wolf-Lundmark-Melotte)","dIrr",0.49249999999999994,-15.460833333333332,933, ,-130.0, ,932,-73,794,-24, ,10.6,"  ",7.78,:,23.7,": ",4,"  ",0.65, ,-14.2, ,43.0,380.0,-1.27, ,"UGCA 444",24.85,836,0.038,0.08,0.08,0.04,34,34,,,,,,,2.0,2.0,3.0,0.1,0.1,0.1,0.1,2.0, , , ,"  ","  ",61.0,17.5,"  ", ,-6,30.0,20.8,"Defines R_LG","","","",0.01,1.0,2,1.0, , , , ,-73.6,75.9, ,"MRS (CaT)",24.8,"UGCA 444,DDO 221",2111,"348,349","40,71","108","251,252","427",4.5,:, 
"Rest","L  ","Leo A","dIrr",149.86041666666665,30.746388888888884,798, ,22.3, ,803,-19,941,-41, ,12.4,"  ",2.15,:,22.8,": ",114,"  ",0.4, ,-12.1, ,6.0,25.0,-1.4, ,"Leo A",24.51,1200,0.021,0.12,0.12,0.2,44,44,,,,,,,1.3,1.3,,0.2,0.2,0.2,0.2,, , ,N,"  ","  ",11.0,9.3,"  ",N,-46,,,"Defines R_LG","r_25_=2.6+/-0.1arcmins","Stellar kinematics derived using 10 young B supergiants + HII regions; HI gradient of ~1.3km/s/arcmin","",0.03,2.9,5,1.4, , , , ,52.4,196.9, ,"CMD modeling",24.4,"Leo III,UGC 5364,DDO 69",499,"350","72,73","108,130","253,254","428",9.3,:, 
"Rest","L  ","Andromeda XVIII","dSph",0.5604166666666666,45.08888888888888,1355, ,, ,1358,,969,, ,16.0,"  ",0.92, ,25.6,": ",,"  ",, ,-9.7,:,0.63,,-1.8, ,"Andromeda XVIII",25.66,591,0.106,0.13,0.13,0.1,81,81,,,0.06,0.06,32,32,,,,9.9,9.9,,,, , , ,"  ","  ",,,"  ", ,,,,"Isolated dSph","Lower limits on V and {mu}_V_","","",,,,, , , , ,-16.9,113.9, ,"Isochrones",26.7,"",363,"329","51   ","118","","329",, , 
"Rest","L  ","Aquarius","dIrr/dSph",311.7158333333333,-12.848055555555554,1072, ,-140.7, ,1066,-27,1053,9, ,14.5,"  ",1.47, ,23.6,"  ",99,"  ",0.5, ,-10.6, ,1.6,,-1.3, ,"DDO 210",25.15,1173,0.051,0.08,0.08,0.2,39,39,0.2,0.2,0.04,0.04,21,21,,,,0.1,0.1,0.1,0.1,, , , ,"  ","  ",4.1,,"  ",N,17,,,"Defines R_LG","","HI velocity gradient of 6km/s/arcmin.","Assumes an age of 4Gyr; for an ancient population, find [Fe/H]~-1.9",0.1,2.5,1,0.1, , ,o, ,-31.3,34.0, ,"Isochrones",25.5,"DDO 210",458,"351","40,69","131","248","429",5.8, , 
"Rest","L  ","Tucana","dSph",340.4566666666666,-64.41944444444444,887, ,194.0,p,882,99,1076,73, ,15.2,"  ",1.1, ,25.0,"  ",97,"  ",0.48, ,-9.5, ,0.56,41.0,-1.95, ,"TUC DWARF GALAXY",24.74,1355,0.031,0.12,0.12,0.15,49,49,0.1,0.1,0.2,0.2,54,54,4.1,3.1,,0.2,0.2,0.2,0.2,, , ,N,"  ","  ",,15.8,"  ",N,62,,,"Isolated dSph; defines R_LG","","Stellar velocity gradient of ~16km/s over ~2xr_h_; unlikely associated with nearby HI cloud","",0.03,4.3,2,, , , , ,-47.4,322.9, ,"MRS (CaT)",25.6,"",284,"352","74,75","132","255,205","430",, , 
"Rest","L  ","Sagittarius dIrr","dIrr",292.4958333333333,-17.678055555555552,1067, ,-78.5, ,1059,8,1156,22, ,13.6,"  ",0.91, ,23.9,"  ",90,": ",0.5,:,-11.5, ,3.5,,-2.1, ,"SAG DIG",25.14,1356,0.124,0.18,0.18,0.2,88,88,0.2,0.2,0.05,0.05,28,28,,,,0.2,0.2,0.3,0.3,, , , ,"  ","  ",8.8,,"  ",N,20,,,"Defines R_LG","r_h_ from integral under central King profile","","",,1.0,,1.0, , ,q, ,-16.3,21.1, ,"Isochrones",23.5,"UKS 1927-177",282,"353,354","76,60","133","241","431",10.0, , 
"Rest","L  ","UGC 4879","dIrr/dSph",139.00916666666666,52.83999999999999,1361, ,-70.0,r,1367,-27,1321,-12, ,13.2,"  ",0.41, ,21.2,"  ",84,"  ",0.44, ,-12.5, ,8.3,,-1.5, ,"UGC 4879",25.67,1395,0.016,0.04,0.04,0.2,25,25,0.2,0.2,0.04,0.04,16,16,,,,0.2,0.2,0.2,0.2,, , , ,"  ","  ",0.95,,"  ",N,-4,,,"Defines R_LG","","","",0.04,15.0,11,1.1, , , , ,42.9,164.7, ,"Isochrones",21.5,"VV 124",162,"355","77,78","134","256","432",11.0, , 
"Rest","N  ","NGC 3109","dIrr",150.77874999999997,-26.159722222222218,1300, ,403.0, ,1301,193,1633,110, ,10.7,"  ",4.3, ,22.6,"  ",92,"  ",0.82, ,-14.9, ,76.0,,-1.84, ,"NGC 3109",25.57,1987,0.067,0.08,0.08,0.2,48,48,0.1,0.1,0.1,0.1,71,71,,,0.5,0.1,0.1,0.1,0.1,, , , ,"  ","  ",450.0,,"  ", ,83,72.4,,"Loose NGC 3109 subgroup. Interacting with Antlia?","","","",0.01,2.0,1,, , , , ,23.1,262.1, ,"RGB color",22.9,"DDO 236,UGCA 194",1626,"356","79,67","135","257,258,259","433",10.0, ,:
"Rest","N  ","Sextans B","dIrr",150.00041666666664,5.332222222222222,1426, ,304.0, ,1430,171,1659,114, ,11.3,"  ",1.06, ,21.9,"  ",110,"  ",0.31, ,-14.5, ,52.0,,, ,"Sextans B",25.77,1943,0.031,0.03,0.03,,20,20,0.3,0.3,0.1,0.1,42,42,,,,0.2,0.2,0.2,0.2,, , , ,"  ","  ",51.0,,"  ",:,97,71.0,,"Loose NGC 3109 subgroup","","","",0.03,1.0,2,, ,e, , ,43.8,233.2,<,"",21.9,"UGC 5373,DDO 70",440,"346","59,63","108,136","260,249","",18.0, , 
"Rest","N  ","Antlia","dIrr",151.01708333333332,-27.331111111111106,1349, ,362.0, ,1350,151,1684,66, ,15.2,"  ",1.2, ,23.9,"  ",135,"  ",0.4, ,-10.4, ,1.3,,-1.6, ,"ANTLIA DWARF GALAXY",25.65,2039,0.079,0.1,0.1,0.1,62,62,0.2,0.2,0.12,0.12,52,52,,,,0.2,0.2,0.2,0.2,, , , ,"  ","  ",0.73,,"  ",N,39,,,"Loose NGC 3109 subgroup. Interacting with NGC 3109?","","","",0.04,2.0,5,0.7, , , , ,22.3,263.1, ,"RGB color",25.9,"",471,"357","59,80","137,136","258","434",6.4, , 
"Rest","N  ","Sextans A","dIrr",152.7533333333333,-4.692777777777777,1432, ,324.0, ,1435,163,1711,94, ,11.5,"  ",2.47,:,22.8,": ",0,"  ",0.17, ,-14.3, ,44.0,,-1.85,:,"Sextans A",25.78,2027,0.045,0.08,0.08,,53,53,,,,,,,,,2.0,0.1,0.1,0.1,0.1,, , , ,"  ","  ",77.0,,"  ", ,73,20.0,,"Loose NGC 3109 sub-group","r_25_=2.9+/-0.1arcmins","","Adopted (V-I)_-3.5_=1.3",0.02,2.0,1,1.0, , , , ,39.9,246.1, ,"RGB color",24.1,"UGCA 205,DDO 75",1029,"350","59,67","108,138","261","435",8.0,:, 
"Rest","N  ","HIZSS 3(A)","(d)Irr?",105.12208333333332,-4.208333333333333,1675, ,288.0, ,1682,139,1760,109, ,,"  ",, ,,"  ",,"  ",, ,, ,,,, ,"HIZSS 3",26.12,1923,1.013,0.14,0.14,,108,108,,,,,,,,,4.0,,,,,, , , ,"  ","  ",14.0,,"  ", ,105,42.0,,"Zone of obscuration. Binary with B?","","","",,2.5,,, , ,s, ,0.1,217.7, ,"",,"",,"358","81,82","","262","",, , 
"Rest","N  ","HIZSS 3B","(d)Irr?",105.12208333333332,-4.208333333333333,1675, ,322.6, ,1682,174,1760,143, ,,"  ",, ,,"  ",,"  ",, ,, ,,,, ,"HIZSS 3",26.12,1923,1.013,0.14,0.14,,108,108,,,,,,,,,,,,,,, , , ,"  ","  ",2.6,,"  ",N,140,,,"Zone of obscuration. Binary with A?","","HI velocity gradient of ~2.5km/s/arcmin","",,1.4,,, , ,s, ,0.1,217.7, ,"",,"",,"358","81,82","","262","",, , 
"Rest","N  ","KKR 25","dIrr/dSph",243.44999999999996,54.371111111111105,1905, ,-139.5, ,1904,31,1838,67, ,15.9,"  ",0.4,:,24.0,"  ",,"  ",0.41, ,-10.5, ,1.4,,-2.1, ,"LEDA 2801026",26.4,1853,0.009,0.07,0.07,0.3,61,61,0.2,0.2,,,,,,,,0.2,0.2,0.2,0.2,, , , ,"  ","  ",,,"  ", ,77,,,"","r_26.5_=0.55arcmins","See Huchtmeier et al. (2000, Cat. J/A+AS/147/187) for attempted HI observations","",0.02,1.0,,, , , , ,44.4,83.9, ,"RGB color",24.2,"",222,"359","59,83","139","","359",,:, 
"Rest","N  ","ESO 410- G 005","dIrr/dSph",3.881666666666666,-32.17999999999999,1923, ,, ,1922,,1852,, ,14.9,"  ",0.5, ,22.2,"  ",57,": ",0.37,:,-11.5, ,3.5,,-1.93, ,"ESO 410- G 005",26.42,1862,0.014,0.04,0.04,0.2,35,35,0.2,0.2,0.05,0.05,,,,,,0.3,0.3,0.3,0.3,, , , ,"  ","  ",0.73,,"  ", ,,,,"NGC 55 sub-group, forming 'bridge' to Sculptor?","","","",,,,0.6, , , , ,-80.7,357.8, ,"RGB color",23.8,"UKS 0013-324",280,"360,361","59   ","140,136","263","436",14.2,:, 
"Rest","N  ","NGC 55","Irr",3.7233333333333327,-39.19666666666666,1932, ,129.0, ,1930,98,1909,111, ,7.9,"  ",5.16,:,19.3,": ",108,"  ",0.83, ,-18.5, ,2200.0,,, ,"NGC 55",26.43,1964,0.013,0.12,0.12,,107,107,,,,,,,,,6.0,0.1,0.1,0.2,0.2,, , , ,"  ","  ",1300.0,,"  ", ,117,86.0,,"NGC 55 sub-group, forming 'bridge' to Sculptor?","r_25_=16.2+/-0.4arcmins","Castro et al. (2008, Cat. J/A+A/485/41) obtain stellar velocities for ~200 massive blue stars and find that their kinematics closely trace the HI rotation curve","",0.01,2.0,2,, , , , ,-75.7,332.9, ,"",20.4,"",2900,"362","84,67","108","264","",,:, 
"Rest","N  ","ESO 294- G 010","dIrr/dSph",6.639166666666665,-41.85527777777777,2032, ,117.0, ,2030,72,2023,81, ,15.3,"  ",0.42, ,22.3,"  ",8,": ",0.51,:,-11.2, ,2.7,,-1.48, ,"ESO 294- G 010",26.54,2090,0.006,0.04,0.04,0.17,37,37,0.2,0.2,0.04,0.04,24,24,,,,0.3,0.3,0.3,0.3,, , , ,"  ","  ",0.34,,"  ", ,85,,,"NGC 55 sub-group, forming 'bridge' to Sculptor?","","","",,5.0,,0.9, , , , ,-74.4,320.4, ,"RGB color",23.5,"",248,"360","59,85","140,136","263","436",9.7, , 
"Rest","N  ","NGC 300","Sc",13.722916666666665,-37.68444444444444,2080, ,146.0, ,2079,103,2042,116, ,8.1,"  ",5.0,:,21.0,": ",111,"  ",0.29, ,-18.5, ,2100.0,,, ,"NGC 300",26.59,2078,0.013,0.06,0.06,,57,57,,,,,,,,,3.1,0.1,0.1,0.1,0.1,, , , ,"  ","  ",1800.0,,"  ", ,122,98.8,,"NGC 55 sub-group, forming 'bridge' to Sculptor?","r_25_=10.1+/-0.3arcmins","HI velocity dispersion shows significant spatial variation","",0.01,2.0,2,5.0, , , , ,-79.4,299.2, ,"",22.1,"",3025,"362","59,67","108","265,266","",13.0,:, 
"Rest","N  ","IC 5152","dIrr",330.6729166666666,-51.296388888888885,1950, ,122.0, ,1945,81,2047,73, ,10.9,":l",0.97,:,20.1,": ",100,"  ",0.38, ,-15.6,:,270.0,,, ,"IC 5152",26.45,2211,0.025,0.05,0.05,,45,45,,,,,,,,,,,,,,, , , ,"  ","  ",87.0,,"  ", ,68,,,"","r_25_=2.6+/-0.1arcmins","HI line widths available in Koribalski et al. (2004, Cat. J/AJ/128/16)","",0.02,2.0,2,, , , , ,-50.2,343.9, ,"",21.2,"",550,"363","59,67","108","245","",,:, 
"Rest","N  ","KKH 98","dIrr",356.3916666666666,38.71777777777777,2523, ,-136.9, ,2526,60,2140,152, ,15.2,"  ",0.64, ,22.8,"  ",-5,"  ",0.41, ,-11.8, ,4.5,,-1.94, ,"LEDA 2807157",27.01,1762,0.123,0.09,0.09,0.25,105,105,0.2,0.2,0.06,0.06,48,48,,,,0.3,0.3,0.3,0.3,, , , ,"  ","  ",6.6,,"  ", ,184,,,"","","HI line widths available in Begum et al. (2008MNRAS.386.1667B) and Huchtmeier et al. (2003A&A...401..483H)","",0.01,1.0,1,, , , , ,-22.4,109.1, ,"RGB color",24.5,"",470,"364","59,83","136,138","267","436",, , 
"Rest","N  ","UKS 2323-326","dIrr",351.61458333333326,-32.388888888888886,2208, ,62.0, ,2205,74,2145,99, ,13.5,"  ",0.9, ,22.9,"  ",-60,"  ",0.1, ,-13.2, ,17.0,,-1.68, ,"UKS 2323-32.6",26.72,2153,0.015,0.09,0.09,0.19,92,92,0.2,0.2,0.1,0.1,69,69,,,,0.2,0.2,0.2,0.2,,:, , ,"  ","  ",17.0,,"  ", ,107,,,"NGC 55 sub-group, forming 'bridge' to Sculptor?","","See also Huchtmeier & Richter (1986A&AS...63..323H); HI line widths available in Longmore et al. (1982MNRAS.200..325L) and Huchtmeier & Richter (1986A&AS...63..323H)","",0.01,5.0,4,, , , , ,-70.9,11.9, ,"RGB color",24.0,"UGCA 438",578,"354","59,86","141,138","268","436",, , 
"Rest","N  ","KKR 3","dIrr",211.79374999999996,35.06027777777777,2188, ,63.3, ,2187,135,2297,127, ,17.2,"  ",0.36, ,23.8,"  ",0,"  ",0.05, ,-9.5, ,0.54,,-2.02, ,"LEDA 166185",26.7,2464,0.014,0.12,0.12,0.25,121,121,0.2,0.2,0.04,0.04,28,28,,,,0.3,0.3,0.3,0.3,, , , ,"  ","  ",2.5,,"  ",N,121,,,"Member of the Canes Venatici I cloud","","HI velocity gradient of ~3.3km/s/arcmin","",0.01,1.8,1,0.5, , , , ,72.0,63.7, ,"RGB color",25.8,"KK 230",229,"365","59,87","136,138","269","436",7.5, , 
"Rest","N  ","GR 8","dIrr",194.6683333333333,14.217499999999998,2178, ,213.9, ,2177,182,2421,136, ,14.5,"  ",0.32, ,22.6,"  ",61,"  ",0.2, ,-12.2, ,6.4,,, ,"UGC 8091",26.69,2699,0.026,0.12,0.12,,120,120,0.2,0.2,0.04,0.04,28,28,,,,0.2,0.2,0.2,0.2,, , , ,"  ","  ",11.0,,"  ",N,117,,,"Gibson Reaves gave this galaxy his initials","","Lumpy HI velocity distribution, with some evidence of an overall velocity gradient","",0.05,2.5,2,0.2, , ,o, ,77.0,310.7, ,"",22.7,"UGC 8091,VV 558,DDO 155",203,"366","59,69","142,143","248","",7.0, , 
"Rest","N  ","UGC 9128","dIrr",213.98541666666662,23.055277777777775,2291, ,152.0, ,2288,195,2465,172, ,14.4,"  ",0.64, ,22.6,"  ",46,"  ",0.4, ,-12.4, ,7.8,,-2.33, ,"UGC 9128",26.8,2686,0.023,0.04,0.04,0.24,42,42,0.2,0.2,0.07,0.07,47,47,,,,0.3,0.3,0.3,0.3,, , , ,"  ","  ",18.0,,"  ",:,159,56.0,,"","","See also Begum et al. (2008MNRAS.386.1667B)","",0.05,1.0,2,, , , , ,70.5,25.6,<,"RGB color",23.8,"DDO 187",427,"351","59,63","143,136","249","436",15.0, , 
"Rest","N  ","UGC 8508","dIrr",202.68499999999997,54.90999999999999,2582, ,56.0, ,2583,165,2566,181, ,13.7,"  ",0.42, ,21.5,"  ",-60,"  ",0.45, ,-13.4, ,19.0,,-1.91, ,"UGC 8508",27.06,2609,0.015,0.03,0.03,0.19,36,36,0.2,0.2,0.04,0.04,30,30,,,2.3,0.1,0.1,0.1,0.1,, , , ,"  ","  ",29.0,,"  ", ,184,31.2,,"","","","",0.05,5.0,2,, , , , ,61.3,111.1, ,"RGB color",22.1,"",315,"367","88,89","143,136","267,270","436",, , 
"Rest","N  ","IC 3104","dIrr",184.69166666666663,-79.7261111111111,2270, ,429.0, ,2266,242,2588,170, ,12.8,":l",2.01,:,23.3,": ",45,"  ",0.52, ,-14.0,:,62.0,,, ,"IC 3104",26.78,2923,0.41,0.18,0.18,,188,188,,,,,,,,,,,,,,, , , ,"  ","  ",13.0,,"  ",N,144,,,"","r_25_=1.9+/-0.1arcmins","HI line widths available in Koribalski et al. (2004, Cat. J/AJ/128/16)","",0.02,4.0,2,, , , , ,-17.0,301.4, ,"",24.4,"ESO 020- G 004,UKS 1215-794",1327,"368","90,67","108","245","",,:, 
"Rest","N  ","DDO 125","dIrr",186.92041666666665,43.49555555555555,2582, ,194.9, ,2584,245,2646,240, ,12.7,"  ",1.04, ,22.1,"  ",-68,"  ",0.41, ,-14.4, ,47.0,,-1.73, ,"DDO 125",27.06,2764,0.02,0.05,0.05,0.17,59,59,0.2,0.2,0.1,0.1,77,77,,,2.7,0.3,0.3,0.3,0.3,, , , ,"  ","  ",35.0,,"  ", ,237,11.2,,"","","HI rotational velocity measured at r = 2 arcmin; see also Huchtmeier et al. (2003A&A...401..483H), Begum et al. (2008MNRAS.386.1667B), and Swaters et al. (2009A&A...493..871S)","",0.01,0.2,4,1.5, , , , ,72.9,137.8, ,"RGB color",23.1,"UGC 7577",781,"351","88,83","136,138","271,272","436",7.3, , 
"Rest","N  ","UGCA 86","dIrr",59.951249999999995,67.1386111111111,2965, ,67.0, ,2971,209,2663,275, ,14.2,":l",0.94,:,22.8,": ",25,"  ",0.32, ,-13.2,:,16.0,,, ,"UGCA 86",27.36,2387,0.938,0.17,0.17,,232,232,,,,,,,,,5.0,,,,,, , , ,"  ","  ",860.0,,"  ", ,302,122.0,,"Companion of IC 342","r_25_=2.3+/-0.2arcmins","HI structure consists of a rotating disk and a kinematically distinct, elongated 'spur'","",0.03,4.0,1,1.0, , , , ,10.6,139.8, ,"",24.5,"",811,"369","91,41","144,138","273","",8.8,:, 
"Rest","N  ","DDO 99","dIrr",177.7208333333333,38.88027777777777,2594, ,251.0, ,2596,272,2683,257, ,13.9,"  ",0.9, ,22.9,"  ",70,"  ",0.29, ,-13.2, ,16.0,,-2.13, ,"DDO 99",27.07,2824,0.026,0.14,0.14,0.22,167,167,0.2,0.2,0.09,0.09,81,81,,,,0.1,0.1,0.2,0.2,, , , ,"  ","  ",52.0,,"  ", ,252,,,"","","HI line widths available in Begum et al. (2008MNRAS.386.1667B)","",0.01,4.0,4,, , , , ,72.7,166.2, ,"RGB color",24.2,"UGC 6817",679,"351","88,89","142,138","267","436",, , 
"Rest","N  ","IC 4662","dIrr",266.78666666666663,-64.64166666666665,2443, ,302.0, ,2436,192,2722,139, ,11.1,"  ",0.48, ,18.7,"  ",-69,"  ",0.27, ,-15.8, ,190.0,,-1.34, ,"IC 4662",26.94,3027,0.07,0.17,0.17,0.13,191,191,0.2,0.2,0.05,0.05,44,44,,,,0.3,0.3,0.3,0.3,, , , ,"  ","  ",180.0,,"  ", ,116,,,"","","HI line widths available in Koribalski et al. (2004, Cat. J/AJ/128/16)","",0.01,3.0,4,, , , , ,-17.8,328.5, ,"RGB color",20.1,"ESO 102- G 014",341,"370","91,67","136,138","245","436",, , 
"Rest","N  ","DDO 190","dIrr",216.1808333333333,44.525833333333324,2793, ,150.0, ,2793,256,2829,263, ,12.8,"  ",0.64, ,21.4,"  ",82,"  ",0.1, ,-14.4, ,51.0,,-2.0, ,"DDO 190",27.23,2917,0.012,0.03,0.03,0.08,39,39,0.2,0.2,0.06,0.06,49,49,,,2.5,0.1,0.1,0.1,0.1,, , , ,"  ","  ",43.0,,"  ", ,263,24.7,,"","","HI rotational velocity measured at r=1.5arcmin","",0.02,4.0,5,2.4, , , , ,64.5,82.0, ,"RGB color",22.6,"UGC 9240",520,"351","88,92","145,136","271,272","437",10.0, , 
"Rest","N  ","KKH 86","dIrr",208.6395833333333,4.243055555555555,2582, ,287.2, ,2578,259,2856,209, ,17.1,"  ",0.28, ,23.2,"  ",-3,"  ",0.39, ,-10.0, ,0.82,,-2.33, ,"LEDA 2807150",27.06,3157,0.027,0.16,0.16,0.29,190,190,0.2,0.2,0.03,0.03,27,27,,,,0.3,0.3,0.3,0.3,, , , ,"  ","  ",0.88,,"  ", ,186,,,"","","HI line widths available in Karachentsev et al. (2001, Cat. J/A+A/366/428)","",0.01,0.7,1,, , , , ,62.6,339.0, ,"RGB color",24.7,"",210,"364","88,83","136,138","274","436",, , 
